{
  "version": "3.2.0",
  "patterns": {
    "optimizer_output": [],
    "merged_pattern": [],
    "reduction": [],
    "do_all": [
      {
        "pattern_id": 0,
        "node_id": "2:58",
        "start_line": "2:32",
        "end_line": "2:33",
        "applicable_pattern": true,
        "average_iteration_count": 128,
        "iterations_count": 16384,
        "entries": 128,
        "workload": 2693,
        "per_iteration_workload": 17,
        "device_id": null,
        "device_type": null,
        "first_private": [],
        "private": [
          "i",
          "j",
          "ni",
          "nk"
        ],
        "last_private": [],
        "shared": [
          "A"
        ],
        "reduction": [],
        "scheduling_clause": "static",
        "collapse_level": 1
      },
      {
        "pattern_id": 1,
        "node_id": "2:68",
        "start_line": "2:35",
        "end_line": "2:36",
        "applicable_pattern": true,
        "average_iteration_count": 128,
        "iterations_count": 16384,
        "entries": 128,
        "workload": 2821,
        "per_iteration_workload": 18,
        "device_id": null,
        "device_type": null,
        "first_private": [],
        "private": [
          "i",
          "j",
          "nj"
        ],
        "last_private": [],
        "shared": [
          "B"
        ],
        "reduction": [],
        "scheduling_clause": "static",
        "collapse_level": 1
      },
      {
        "pattern_id": 3,
        "node_id": "2:65",
        "start_line": "2:34",
        "end_line": "2:36",
        "applicable_pattern": true,
        "average_iteration_count": 128,
        "iterations_count": 128,
        "entries": 1,
        "workload": 361989,
        "per_iteration_workload": 2824,
        "device_id": null,
        "device_type": null,
        "first_private": [],
        "private": [
          "i",
          "j",
          "nj",
          "nk"
        ],
        "last_private": [],
        "shared": [
          "B"
        ],
        "reduction": [],
        "scheduling_clause": "static",
        "collapse_level": 1
      },
      {
        "pattern_id": 2,
        "node_id": "2:88",
        "start_line": "2:41",
        "end_line": "2:42",
        "applicable_pattern": true,
        "average_iteration_count": 128,
        "iterations_count": 16384,
        "entries": 128,
        "workload": 2821,
        "per_iteration_workload": 18,
        "device_id": null,
        "device_type": null,
        "first_private": [],
        "private": [
          "i",
          "j",
          "nk",
          "nl"
        ],
        "last_private": [],
        "shared": [
          "D"
        ],
        "reduction": [],
        "scheduling_clause": "static",
        "collapse_level": 1
      },
      {
        "pattern_id": 6,
        "node_id": "2:55",
        "start_line": "2:31",
        "end_line": "2:33",
        "applicable_pattern": true,
        "average_iteration_count": 128,
        "iterations_count": 128,
        "entries": 1,
        "workload": 345605,
        "per_iteration_workload": 2696,
        "device_id": null,
        "device_type": null,
        "first_private": [],
        "private": [
          "i",
          "j",
          "ni",
          "nk"
        ],
        "last_private": [],
        "shared": [
          "A"
        ],
        "reduction": [],
        "scheduling_clause": "static",
        "collapse_level": 1
      },
      {
        "pattern_id": 4,
        "node_id": "2:75",
        "start_line": "2:37",
        "end_line": "2:39",
        "applicable_pattern": true,
        "average_iteration_count": 128,
        "iterations_count": 128,
        "entries": 1,
        "workload": 361989,
        "per_iteration_workload": 2824,
        "device_id": null,
        "device_type": null,
        "first_private": [],
        "private": [
          "i",
          "j",
          "nj",
          "nl",
          "nm"
        ],
        "last_private": [],
        "shared": [
          "C"
        ],
        "reduction": [],
        "scheduling_clause": "static",
        "collapse_level": 1
      },
      {
        "pattern_id": 5,
        "node_id": "2:138",
        "start_line": "2:98",
        "end_line": "2:99",
        "applicable_pattern": true,
        "average_iteration_count": 128,
        "iterations_count": 2097152,
        "entries": 16384,
        "workload": 4101,
        "per_iteration_workload": 28,
        "device_id": null,
        "device_type": null,
        "first_private": [],
        "private": [
          "i",
          "j",
          "k",
          "nj"
        ],
        "last_private": [],
        "shared": [
          "E",
          "F",
          "G"
        ],
        "reduction": [],
        "scheduling_clause": "static",
        "collapse_level": 1
      },
      {
        "pattern_id": 7,
        "node_id": "2:118",
        "start_line": "2:87",
        "end_line": "2:92",
        "applicable_pattern": true,
        "average_iteration_count": 128,
        "iterations_count": 16384,
        "entries": 128,
        "workload": 526853,
        "per_iteration_workload": 4112,
        "device_id": null,
        "device_type": null,
        "first_private": [],
        "private": [
          "i",
          "j",
          "k"
        ],
        "last_private": [],
        "shared": [
          "C",
          "D",
          "F",
          "nl",
          "nm"
        ],
        "reduction": [],
        "scheduling_clause": "static",
        "collapse_level": 1
      },
      {
        "pattern_id": 8,
        "node_id": "2:102",
        "start_line": "2:79",
        "end_line": "2:84",
        "applicable_pattern": true,
        "average_iteration_count": 128,
        "iterations_count": 16384,
        "entries": 128,
        "workload": 526853,
        "per_iteration_workload": 4112,
        "device_id": null,
        "device_type": null,
        "first_private": [],
        "private": [
          "i",
          "j",
          "k",
          "nj"
        ],
        "last_private": [],
        "shared": [
          "A",
          "B",
          "E",
          "nk"
        ],
        "reduction": [],
        "scheduling_clause": "static",
        "collapse_level": 1
      },
      {
        "pattern_id": 9,
        "node_id": "2:134",
        "start_line": "2:95",
        "end_line": "2:100",
        "applicable_pattern": true,
        "average_iteration_count": 128,
        "iterations_count": 16384,
        "entries": 128,
        "workload": 526853,
        "per_iteration_workload": 4112,
        "device_id": null,
        "device_type": null,
        "first_private": [],
        "private": [
          "i",
          "j",
          "k",
          "nj"
        ],
        "last_private": [],
        "shared": [
          "E",
          "F",
          "G",
          "nl"
        ],
        "reduction": [],
        "scheduling_clause": "static",
        "collapse_level": 1
      },
      {
        "pattern_id": 10,
        "node_id": "2:115",
        "start_line": "2:86",
        "end_line": "2:92",
        "applicable_pattern": true,
        "average_iteration_count": 128,
        "iterations_count": 128,
        "entries": 1,
        "workload": 67438085,
        "per_iteration_workload": 526856,
        "device_id": null,
        "device_type": null,
        "first_private": [],
        "private": [
          "i",
          "j",
          "k",
          "nj"
        ],
        "last_private": [],
        "shared": [
          "C",
          "D",
          "F",
          "nl",
          "nm"
        ],
        "reduction": [],
        "scheduling_clause": "static",
        "collapse_level": 1
      },
      {
        "pattern_id": 11,
        "node_id": "2:78",
        "start_line": "2:38",
        "end_line": "2:39",
        "applicable_pattern": true,
        "average_iteration_count": 128,
        "iterations_count": 16384,
        "entries": 128,
        "workload": 2821,
        "per_iteration_workload": 18,
        "device_id": null,
        "device_type": null,
        "first_private": [],
        "private": [
          "i",
          "j",
          "nl",
          "nm"
        ],
        "last_private": [],
        "shared": [
          "C"
        ],
        "reduction": [],
        "scheduling_clause": "static",
        "collapse_level": 1
      },
      {
        "pattern_id": 12,
        "node_id": "2:131",
        "start_line": "2:94",
        "end_line": "2:100",
        "applicable_pattern": true,
        "average_iteration_count": 128,
        "iterations_count": 128,
        "entries": 1,
        "workload": 67438085,
        "per_iteration_workload": 526856,
        "device_id": null,
        "device_type": null,
        "first_private": [],
        "private": [
          "i",
          "j",
          "k",
          "ni",
          "nj"
        ],
        "last_private": [],
        "shared": [
          "E",
          "F",
          "G",
          "nl"
        ],
        "reduction": [],
        "scheduling_clause": "static",
        "collapse_level": 1
      },
      {
        "pattern_id": 13,
        "node_id": "2:99",
        "start_line": "2:78",
        "end_line": "2:84",
        "applicable_pattern": true,
        "average_iteration_count": 128,
        "iterations_count": 128,
        "entries": 1,
        "workload": 67438085,
        "per_iteration_workload": 526856,
        "device_id": null,
        "device_type": null,
        "first_private": [],
        "private": [
          "i",
          "j",
          "k",
          "ni",
          "nj"
        ],
        "last_private": [],
        "shared": [
          "A",
          "B",
          "E",
          "nk"
        ],
        "reduction": [],
        "scheduling_clause": "static",
        "collapse_level": 1
      },
      {
        "pattern_id": 15,
        "node_id": "2:122",
        "start_line": "2:90",
        "end_line": "2:91",
        "applicable_pattern": true,
        "average_iteration_count": 128,
        "iterations_count": 2097152,
        "entries": 16384,
        "workload": 4101,
        "per_iteration_workload": 28,
        "device_id": null,
        "device_type": null,
        "first_private": [],
        "private": [
          "i",
          "j",
          "k"
        ],
        "last_private": [],
        "shared": [
          "C",
          "D",
          "F",
          "nm"
        ],
        "reduction": [],
        "scheduling_clause": "static",
        "collapse_level": 1
      },
      {
        "pattern_id": 14,
        "node_id": "2:85",
        "start_line": "2:40",
        "end_line": "2:42",
        "applicable_pattern": true,
        "average_iteration_count": 128,
        "iterations_count": 128,
        "entries": 1,
        "workload": 361989,
        "per_iteration_workload": 2824,
        "device_id": null,
        "device_type": null,
        "first_private": [],
        "private": [
          "i",
          "j",
          "nk",
          "nl",
          "nm"
        ],
        "last_private": [],
        "shared": [
          "D"
        ],
        "reduction": [],
        "scheduling_clause": "static",
        "collapse_level": 1
      },
      {
        "pattern_id": 16,
        "node_id": "2:106",
        "start_line": "2:82",
        "end_line": "2:83",
        "applicable_pattern": true,
        "average_iteration_count": 128,
        "iterations_count": 2097152,
        "entries": 16384,
        "workload": 4101,
        "per_iteration_workload": 28,
        "device_id": null,
        "device_type": null,
        "first_private": [],
        "private": [
          "i",
          "j",
          "k"
        ],
        "last_private": [],
        "shared": [
          "A",
          "B",
          "E",
          "nk"
        ],
        "reduction": [],
        "scheduling_clause": "static",
        "collapse_level": 1
      }
    ]
  }
}